/*
Navicat MySQL Data Transfer

Source Server         : localhost
Source Server Version : 50722
Source Host           : localhost:3306
Source Database       : dips_cloud_core

Target Server Type    : MYSQL
Target Server Version : 50722
File Encoding         : 65001

Date: 2018-11-21 09:41:04
*/

SET FOREIGN_KEY_CHECKS=0;

-- ----------------------------
-- Table structure for `gov_attachment`
-- ----------------------------
DROP TABLE IF EXISTS `gov_attachment`;
CREATE TABLE `gov_attachment` (
  `id` bigint(20) NOT NULL AUTO_INCREMENT,
  `user_id` bigint(20) NOT NULL COMMENT '上传人',
  `url` varchar(150) CHARACTER SET utf8 NOT NULL DEFAULT '' COMMENT '文件名',
  `file_size` bigint(20) NOT NULL DEFAULT '0' COMMENT '文件长度',
  `ip` varchar(100) CHARACTER SET utf8 NOT NULL DEFAULT '' COMMENT 'IP',
  `create_time` timestamp NOT NULL DEFAULT CURRENT_TIMESTAMP COMMENT '时间',
  PRIMARY KEY (`id`)
) ENGINE=InnoDB AUTO_INCREMENT=4 DEFAULT CHARSET=utf8mb4 COMMENT='附件表';

-- ----------------------------
-- Records of gov_attachment
-- ----------------------------
INSERT INTO `gov_attachment` VALUES ('1', '1', '//dips-cloud-gov.oss-cn-hangzhou.aliyuncs.com/upload/images/201811/cecf97a6-920a-467d-93f8-9d345cf4e562.jpg', '26040', '192.168.12.198', '2018-11-20 16:29:47');
INSERT INTO `gov_attachment` VALUES ('2', '1', '//dips-cloud-gov.oss-cn-hangzhou.aliyuncs.com/upload/images/201811/82732aca-9de1-4f68-87ac-4ac49b15159e.jpg', '44325', '192.168.12.198', '2018-11-21 09:23:10');
INSERT INTO `gov_attachment` VALUES ('3', '2', '//dips-cloud-gov.oss-cn-hangzhou.aliyuncs.com/upload/images/201811/ec35dc33-1248-4f5a-90e0-bd1bb346ce35.jpg', '26040', '192.168.12.198', '2018-11-21 09:35:59');

-- ----------------------------
-- Table structure for `gov_city`
-- ----------------------------
DROP TABLE IF EXISTS `gov_city`;
CREATE TABLE `gov_city` (
  `id` bigint(11) NOT NULL AUTO_INCREMENT COMMENT '城市ID',
  `name` varchar(50) CHARACTER SET utf8 NOT NULL COMMENT '城市名称',
  `number` varchar(255) NOT NULL COMMENT '城市编号',
  `code` varchar(255) NOT NULL COMMENT '城市代码',
  `city_level` varchar(100) NOT NULL DEFAULT '0' COMMENT '城市级别',
  `order_num` int(11) NOT NULL DEFAULT '0' COMMENT '排序',
  `create_time` timestamp NOT NULL DEFAULT CURRENT_TIMESTAMP COMMENT '创建时间',
  `modified_time` timestamp NOT NULL DEFAULT CURRENT_TIMESTAMP ON UPDATE CURRENT_TIMESTAMP COMMENT '修改时间',
  `is_deleted` char(1) CHARACTER SET utf8 NOT NULL DEFAULT '0' COMMENT '是否删除  -1：已删除  0：正常',
  `parent_id` bigint(11) NOT NULL DEFAULT '0',
  PRIMARY KEY (`id`)
) ENGINE=InnoDB AUTO_INCREMENT=2 DEFAULT CHARSET=utf8mb4 COMMENT='城市表';

-- ----------------------------
-- Records of gov_city
-- ----------------------------
INSERT INTO `gov_city` VALUES ('1', '北京', '110000', '110000', '5', '1', '2018-11-20 10:36:51', '2018-11-20 16:55:02', '0', '0');

-- ----------------------------
-- Table structure for `gov_city_relation`
-- ----------------------------
DROP TABLE IF EXISTS `gov_city_relation`;
CREATE TABLE `gov_city_relation` (
  `ancestor` bigint(20) NOT NULL COMMENT '祖先节点',
  `descendant` bigint(20) NOT NULL COMMENT '后代节点',
  PRIMARY KEY (`ancestor`,`descendant`)
) ENGINE=InnoDB DEFAULT CHARSET=utf8mb4 COMMENT='城市父子级关系表';

-- ----------------------------
-- Records of gov_city_relation
-- ----------------------------
INSERT INTO `gov_city_relation` VALUES ('1', '1');

-- ----------------------------
-- Table structure for `gov_dept`
-- ----------------------------
DROP TABLE IF EXISTS `gov_dept`;
CREATE TABLE `gov_dept` (
  `id` int(20) NOT NULL AUTO_INCREMENT,
  `name` varchar(50) NOT NULL COMMENT '部门名称',
  `order_num` int(11) NOT NULL DEFAULT '0' COMMENT '排序',
  `create_time` timestamp NOT NULL DEFAULT CURRENT_TIMESTAMP COMMENT '创建时间',
  `modified_time` timestamp NOT NULL DEFAULT CURRENT_TIMESTAMP ON UPDATE CURRENT_TIMESTAMP COMMENT '修改时间',
  `is_deleted` char(1) NOT NULL DEFAULT '0' COMMENT '是否删除  -1：已删除  0：正常',
  `parent_id` int(11) NOT NULL DEFAULT '0',
  `city_id` bigint(11) DEFAULT NULL COMMENT '所属城市ID',
  PRIMARY KEY (`id`)
) ENGINE=InnoDB AUTO_INCREMENT=2 DEFAULT CHARSET=utf8 ROW_FORMAT=DYNAMIC COMMENT='部门管理';

-- ----------------------------
-- Records of gov_dept
-- ----------------------------
INSERT INTO `gov_dept` VALUES ('1', '国脉集团', '1', '2018-01-22 19:00:23', '2018-11-20 14:50:28', '0', '0', '1');

-- ----------------------------
-- Table structure for `gov_dept_relation`
-- ----------------------------
DROP TABLE IF EXISTS `gov_dept_relation`;
CREATE TABLE `gov_dept_relation` (
  `ancestor` bigint(20) NOT NULL COMMENT '祖先节点',
  `descendant` bigint(20) NOT NULL COMMENT '后代节点',
  PRIMARY KEY (`ancestor`,`descendant`),
  KEY `idx1` (`ancestor`),
  KEY `idx2` (`descendant`)
) ENGINE=InnoDB DEFAULT CHARSET=latin1 ROW_FORMAT=DYNAMIC COMMENT='部门父子级关系表';

-- ----------------------------
-- Records of gov_dept_relation
-- ----------------------------
INSERT INTO `gov_dept_relation` VALUES ('1', '1');

-- ----------------------------
-- Table structure for `gov_dict`
-- ----------------------------
DROP TABLE IF EXISTS `gov_dict`;
CREATE TABLE `gov_dict` (
  `id` bigint(20) NOT NULL AUTO_INCREMENT COMMENT '编号',
  `number` varchar(100) NOT NULL DEFAULT '' COMMENT '字典编码',
  `name` varchar(100) NOT NULL DEFAULT '' COMMENT '字典名称',
  `type` varchar(100) NOT NULL DEFAULT '' COMMENT '编码',
  `create_time` timestamp NOT NULL DEFAULT CURRENT_TIMESTAMP COMMENT '创建时间',
  `update_time` timestamp NOT NULL DEFAULT CURRENT_TIMESTAMP ON UPDATE CURRENT_TIMESTAMP COMMENT '更新时间',
  `system` varchar(100) NOT NULL DEFAULT '' COMMENT '所属系统',
  PRIMARY KEY (`id`),
  KEY `sys_dict_value` (`number`) USING BTREE,
  KEY `sys_dict_label` (`name`) USING BTREE
) ENGINE=InnoDB AUTO_INCREMENT=5 DEFAULT CHARSET=utf8 COMMENT='字典表';

-- ----------------------------
-- Records of gov_dict
-- ----------------------------
INSERT INTO `gov_dict` VALUES ('1', 'IS_NORMAL', '是否正常', '', '2018-11-20 13:56:55', '2018-11-20 13:56:55', 'DIPS');
INSERT INTO `gov_dict` VALUES ('2', 'IS_NOTT', '是否', '', '2018-11-20 14:39:21', '2018-11-20 14:39:21', 'DIPS');
INSERT INTO `gov_dict` VALUES ('3', 'CITYLEVEL', '城市级别', '', '2018-11-20 14:44:52', '2018-11-20 14:44:52', 'DIPS');
INSERT INTO `gov_dict` VALUES ('4', 'SOCIAL_TYPE', '社交类型', '', '2018-11-20 13:56:55', '2018-11-20 13:56:55', 'DIPS');

-- ----------------------------
-- Table structure for `gov_dict_value`
-- ----------------------------
DROP TABLE IF EXISTS `gov_dict_value`;
CREATE TABLE `gov_dict_value` (
  `id` bigint(20) NOT NULL AUTO_INCREMENT,
  `key` varchar(100) NOT NULL DEFAULT '' COMMENT '字典键',
  `value` varchar(100) NOT NULL DEFAULT '' COMMENT '字典值',
  `create_time` timestamp NOT NULL DEFAULT CURRENT_TIMESTAMP ON UPDATE CURRENT_TIMESTAMP COMMENT '创建时间',
  `update_time` timestamp NOT NULL DEFAULT CURRENT_TIMESTAMP ON UPDATE CURRENT_TIMESTAMP COMMENT '更新时间',
  `dict_id` bigint(20) NOT NULL COMMENT '所属字典id',
  `parent_id` bigint(20) NOT NULL COMMENT '父类id',
  `sort` int(8) NOT NULL COMMENT '排序',
  PRIMARY KEY (`id`)
) ENGINE=InnoDB AUTO_INCREMENT=10 DEFAULT CHARSET=utf8mb4 COMMENT='字段值域表';

-- ----------------------------
-- Records of gov_dict_value
-- ----------------------------
INSERT INTO `gov_dict_value` VALUES ('1', '0', '否', '2018-11-20 15:23:34', '2018-11-20 15:23:34', '2', '0', '0');
INSERT INTO `gov_dict_value` VALUES ('2', '9', '是', '2018-11-20 15:23:36', '2018-11-20 15:23:36', '2', '0', '0');
INSERT INTO `gov_dict_value` VALUES ('3', '0', '正常', '2018-11-20 15:33:31', '2018-11-20 15:33:31', '1', '0', '0');
INSERT INTO `gov_dict_value` VALUES ('4', '9', '异常', '2018-11-20 15:33:33', '2018-11-20 15:33:33', '1', '0', '0');
INSERT INTO `gov_dict_value` VALUES ('5', '1', '省级', '2018-11-20 15:23:42', '2018-11-20 15:23:42', '3', '0', '0');
INSERT INTO `gov_dict_value` VALUES ('6', '2', '市级', '2018-11-20 15:23:43', '2018-11-20 15:23:43', '3', '0', '0');
INSERT INTO `gov_dict_value` VALUES ('7', '3', '县级', '2018-11-20 15:23:44', '2018-11-20 15:23:44', '3', '0', '0');
INSERT INTO `gov_dict_value` VALUES ('8', 'WX', '微信', '2018-11-20 15:39:02', '2018-11-20 15:39:02', '4', '0', '0');
INSERT INTO `gov_dict_value` VALUES ('9', 'QQ', 'QQ', '2018-11-20 15:39:12', '2018-11-20 15:39:12', '4', '0', '0');

-- ----------------------------
-- Table structure for `gov_log`
-- ----------------------------
DROP TABLE IF EXISTS `gov_log`;
CREATE TABLE `gov_log` (
  `id` bigint(20) NOT NULL AUTO_INCREMENT COMMENT '编号',
  `type` char(1) NOT NULL DEFAULT '1' COMMENT '日志类型',
  `title` varchar(255) NOT NULL DEFAULT '' COMMENT '日志标题',
  `service_id` varchar(32) NOT NULL DEFAULT '' COMMENT '服务ID',
  `create_by` varchar(64) NOT NULL COMMENT '创建者',
  `create_time` timestamp NOT NULL DEFAULT CURRENT_TIMESTAMP COMMENT '创建时间',
  `modified_time` timestamp NOT NULL DEFAULT CURRENT_TIMESTAMP COMMENT '更新时间',
  `remote_addr` varchar(255) NOT NULL DEFAULT '' COMMENT '操作IP地址',
  `user_agent` varchar(1000) NOT NULL DEFAULT '' COMMENT '用户代理',
  `request_uri` varchar(255) NOT NULL DEFAULT '' COMMENT '请求URI',
  `method` varchar(10) NOT NULL DEFAULT '' COMMENT '操作方式',
  `params` text NOT NULL COMMENT '操作提交的数据',
  `time` mediumtext NOT NULL COMMENT '执行时间',
  `is_deleted` char(1) NOT NULL DEFAULT '0' COMMENT '删除标记',
  `exception` text NOT NULL COMMENT '异常信息',
  PRIMARY KEY (`id`),
  KEY `sys_log_create_by` (`create_by`),
  KEY `sys_log_request_uri` (`request_uri`),
  KEY `sys_log_type` (`type`),
  KEY `sys_log_create_date` (`create_time`)
) ENGINE=InnoDB AUTO_INCREMENT=47 DEFAULT CHARSET=utf8 ROW_FORMAT=DYNAMIC COMMENT='日志表';

-- ----------------------------
-- Records of gov_log
-- ----------------------------
INSERT INTO `gov_log` VALUES ('1', '0', '添加字典', 'dips', 'admin', '2018-11-07 16:39:12', '2018-11-07 16:39:12', '127.0.0.1', 'Mozilla/5.0 (Windows NT 10.0; WOW64) AppleWebKit/537.36 (KHTML, like Gecko) Chrome/63.0.3239.132 Safari/537.36', '/dict', 'POST', '', '24', '0', '');
INSERT INTO `gov_log` VALUES ('2', '0', '锁定或解锁用户', 'dips', 'admin', '2018-11-08 14:13:00', '2018-11-08 14:13:00', '127.0.0.1', 'Mozilla/5.0 (Windows NT 10.0; WOW64) AppleWebKit/537.36 (KHTML, like Gecko) Chrome/63.0.3239.132 Safari/537.36', '/user/lock/2', 'PUT', '', '55', '0', '');
INSERT INTO `gov_log` VALUES ('3', '0', '锁定或解锁用户', 'dips', 'admin', '2018-11-08 14:13:01', '2018-11-08 14:13:01', '127.0.0.1', 'Mozilla/5.0 (Windows NT 10.0; WOW64) AppleWebKit/537.36 (KHTML, like Gecko) Chrome/63.0.3239.132 Safari/537.36', '/user/lock/2', 'PUT', '', '15', '0', '');
INSERT INTO `gov_log` VALUES ('4', '0', '修改字典', 'dips', 'admin', '2018-11-08 14:36:52', '2018-11-08 14:36:52', '127.0.0.1', 'Mozilla/5.0 (Windows NT 10.0; WOW64) AppleWebKit/537.36 (KHTML, like Gecko) Chrome/63.0.3239.132 Safari/537.36', '/dict', 'PUT', '', '8', '0', '');
INSERT INTO `gov_log` VALUES ('5', '0', '锁定或解锁用户', 'dips', 'admin', '2018-11-08 14:46:33', '2018-11-08 14:46:33', '127.0.0.1', 'Mozilla/5.0 (Windows NT 10.0; WOW64) AppleWebKit/537.36 (KHTML, like Gecko) Chrome/63.0.3239.132 Safari/537.36', '/user/lock/2', 'PUT', '', '36', '0', '');
INSERT INTO `gov_log` VALUES ('6', '0', '锁定或解锁用户', 'dips', 'admin', '2018-11-08 14:47:02', '2018-11-08 14:47:02', '127.0.0.1', 'Mozilla/5.0 (Windows NT 10.0; WOW64) AppleWebKit/537.36 (KHTML, like Gecko) Chrome/63.0.3239.132 Safari/537.36', '/user/lock/2', 'PUT', '', '7', '0', '');
INSERT INTO `gov_log` VALUES ('7', '0', '锁定或解锁用户', 'dips', 'admin', '2018-11-08 14:47:03', '2018-11-08 14:47:03', '127.0.0.1', 'Mozilla/5.0 (Windows NT 10.0; WOW64) AppleWebKit/537.36 (KHTML, like Gecko) Chrome/63.0.3239.132 Safari/537.36', '/user/lock/2', 'PUT', '', '9', '0', '');
INSERT INTO `gov_log` VALUES ('8', '0', '锁定或解锁用户', 'dips', 'admin', '2018-11-08 15:15:13', '2018-11-08 15:15:13', '127.0.0.1', 'Mozilla/5.0 (Windows NT 10.0; WOW64) AppleWebKit/537.36 (KHTML, like Gecko) Chrome/63.0.3239.132 Safari/537.36', '/user/lock/2', 'PUT', '', '32', '0', '');
INSERT INTO `gov_log` VALUES ('9', '0', '锁定或解锁用户', 'dips', 'admin', '2018-11-08 15:15:15', '2018-11-08 15:15:15', '127.0.0.1', 'Mozilla/5.0 (Windows NT 10.0; WOW64) AppleWebKit/537.36 (KHTML, like Gecko) Chrome/63.0.3239.132 Safari/537.36', '/user/lock/2', 'PUT', '', '7', '0', '');
INSERT INTO `gov_log` VALUES ('10', '0', '添加字典', 'dips', 'admin', '2018-11-20 15:38:47', '2018-11-20 15:38:47', '127.0.0.1', 'Mozilla/5.0 (Windows NT 10.0; Win64; x64) AppleWebKit/537.36 (KHTML, like Gecko) Chrome/70.0.3538.102 Safari/537.36', '/dict', 'POST', '', '83', '0', '');
INSERT INTO `gov_log` VALUES ('11', '0', '添加字典值', 'dips', 'admin', '2018-11-20 15:39:03', '2018-11-20 15:39:03', '127.0.0.1', 'Mozilla/5.0 (Windows NT 10.0; Win64; x64) AppleWebKit/537.36 (KHTML, like Gecko) Chrome/70.0.3538.102 Safari/537.36', '/dictValue', 'POST', '', '156', '0', '');
INSERT INTO `gov_log` VALUES ('12', '0', '添加字典值', 'dips', 'admin', '2018-11-20 15:39:13', '2018-11-20 15:39:13', '127.0.0.1', 'Mozilla/5.0 (Windows NT 10.0; Win64; x64) AppleWebKit/537.36 (KHTML, like Gecko) Chrome/70.0.3538.102 Safari/537.36', '/dictValue', 'POST', '', '695', '0', '');
INSERT INTO `gov_log` VALUES ('13', '0', '更新字典', 'dips', 'admin', '2018-11-20 15:39:15', '2018-11-20 15:39:15', '127.0.0.1', 'Mozilla/5.0 (Windows NT 10.0; Win64; x64) AppleWebKit/537.36 (KHTML, like Gecko) Chrome/70.0.3538.102 Safari/537.36', '/dict', 'PUT', '', '110', '0', '');
INSERT INTO `gov_log` VALUES ('14', '0', '添加角色', 'dips', 'admin', '2018-11-20 16:31:31', '2018-11-20 16:31:31', '127.0.0.1', 'Mozilla/5.0 (Windows NT 6.1; WOW64) AppleWebKit/537.36 (KHTML, like Gecko) Chrome/68.0.3440.106 Safari/537.36', '/role', 'POST', '', '105', '0', '');
INSERT INTO `gov_log` VALUES ('15', '0', '添加用户', 'dips', 'admin', '2018-11-20 16:33:25', '2018-11-20 16:33:25', '127.0.0.1', 'Mozilla/5.0 (Windows NT 6.1; WOW64) AppleWebKit/537.36 (KHTML, like Gecko) Chrome/68.0.3440.106 Safari/537.36', '/user', 'POST', '', '543', '0', '');
INSERT INTO `gov_log` VALUES ('16', '0', '更新角色菜单', 'dips', 'admin', '2018-11-20 16:33:55', '2018-11-20 16:33:55', '127.0.0.1', 'Mozilla/5.0 (Windows NT 6.1; WOW64) AppleWebKit/537.36 (KHTML, like Gecko) Chrome/68.0.3440.106 Safari/537.36', '/role/roleMenuUpd', 'PUT', 'roleId=%5B2%5D&menuIds=%5B1%2C2%2C11%2C12%2C13%2C3%2C14%2C15%2C16%2C4%2C17%2C18%2C19%2C20%2C5%2C21%2C6%2C22%2C23%2C24%2C7%2C25%2C26%2C27%2C28%2C29%2C30%2C31%2C32%2C33%2C38%2C39%2C40%2C41%2C42%2C44%2C35%2C36%2C37%2C%5D', '1158', '0', '');
INSERT INTO `gov_log` VALUES ('17', '0', '修改角色', 'dips', 'admin', '2018-11-20 16:52:48', '2018-11-20 16:52:48', '127.0.0.1', 'Mozilla/5.0 (Windows NT 6.1; WOW64) AppleWebKit/537.36 (KHTML, like Gecko) Chrome/68.0.3440.106 Safari/537.36', '/role', 'PUT', '', '65', '0', '');
INSERT INTO `gov_log` VALUES ('18', '0', '修改角色', 'dips', 'admin', '2018-11-20 16:53:06', '2018-11-20 16:53:06', '127.0.0.1', 'Mozilla/5.0 (Windows NT 6.1; WOW64) AppleWebKit/537.36 (KHTML, like Gecko) Chrome/68.0.3440.106 Safari/537.36', '/role', 'PUT', '', '77', '0', '');
INSERT INTO `gov_log` VALUES ('19', '0', '修改角色', 'dips', 'admin', '2018-11-20 16:53:11', '2018-11-20 16:53:11', '127.0.0.1', 'Mozilla/5.0 (Windows NT 6.1; WOW64) AppleWebKit/537.36 (KHTML, like Gecko) Chrome/68.0.3440.106 Safari/537.36', '/role', 'PUT', '', '43', '0', '');
INSERT INTO `gov_log` VALUES ('20', '0', '更新字典', 'dips', 'admin', '2018-11-20 16:57:09', '2018-11-20 16:57:09', '127.0.0.1', 'Mozilla/5.0 (Windows NT 6.1; WOW64) AppleWebKit/537.36 (KHTML, like Gecko) Chrome/68.0.3440.106 Safari/537.36', '/dict', 'PUT', '', '65', '0', '');
INSERT INTO `gov_log` VALUES ('21', '0', '更新角色菜单', 'dips', 'admin', '2018-11-21 09:14:26', '2018-11-21 09:14:26', '127.0.0.1', 'Mozilla/5.0 (Windows NT 6.1; WOW64) AppleWebKit/537.36 (KHTML, like Gecko) Chrome/68.0.3440.106 Safari/537.36', '/role/roleMenuUpd', 'PUT', 'roleId=%5B1%5D&menuIds=%5B1%2C2%2C11%2C12%2C13%2C3%2C14%2C15%2C16%2C4%2C17%2C18%2C19%2C20%2C5%2C21%2C6%2C22%2C23%2C24%2C7%2C25%2C26%2C27%2C28%2C29%2C30%2C31%2C32%2C33%2C38%2C39%2C40%2C41%2C42%2C44%2C54%2C55%2C56%2C8%2C9%2C10%2C35%2C36%2C45%2C46%2C47%2C37%2C48%2C49%2C50%2C51%2C52%2C53%2C%5D', '5407', '0', '');
INSERT INTO `gov_log` VALUES ('22', '0', '更新角色菜单', 'dips', 'admin', '2018-11-21 09:19:26', '2018-11-21 09:19:26', '127.0.0.1', 'Mozilla/5.0 (Windows NT 6.1; WOW64) AppleWebKit/537.36 (KHTML, like Gecko) Chrome/68.0.3440.106 Safari/537.36', '/role/roleMenuUpd', 'PUT', 'roleId=%5B1%5D&menuIds=%5B1%2C2%2C11%2C12%2C13%2C3%2C14%2C15%2C16%2C4%2C17%2C18%2C19%2C20%2C5%2C21%2C6%2C22%2C23%2C24%2C7%2C25%2C26%2C27%2C28%2C29%2C30%2C31%2C32%2C33%2C38%2C39%2C40%2C41%2C42%2C44%2C54%2C55%2C56%2C8%2C9%2C10%2C36%2C45%2C46%2C47%2C35%5D', '1635', '0', '');
INSERT INTO `gov_log` VALUES ('23', '0', '更新角色菜单', 'dips', 'admin', '2018-11-21 09:19:31', '2018-11-21 09:19:31', '127.0.0.1', 'Mozilla/5.0 (Windows NT 6.1; WOW64) AppleWebKit/537.36 (KHTML, like Gecko) Chrome/68.0.3440.106 Safari/537.36', '/role/roleMenuUpd', 'PUT', 'roleId=%5B1%5D&menuIds=%5B1%2C2%2C11%2C12%2C13%2C3%2C14%2C15%2C16%2C4%2C17%2C18%2C19%2C20%2C5%2C21%2C6%2C22%2C23%2C24%2C7%2C25%2C26%2C27%2C28%2C29%2C30%2C31%2C32%2C33%2C38%2C39%2C40%2C41%2C42%2C44%2C54%2C55%2C56%2C8%2C9%2C10%2C35%2C36%2C45%2C46%2C47%2C37%2C48%2C49%2C50%2C51%2C52%2C53%2C%5D', '1952', '0', '');
INSERT INTO `gov_log` VALUES ('24', '0', '更新角色菜单', 'dips', 'admin', '2018-11-21 09:19:46', '2018-11-21 09:19:46', '127.0.0.1', 'Mozilla/5.0 (Windows NT 6.1; WOW64) AppleWebKit/537.36 (KHTML, like Gecko) Chrome/68.0.3440.106 Safari/537.36', '/role/roleMenuUpd', 'PUT', 'roleId=%5B2%5D&menuIds=%5B1%2C2%2C11%2C12%2C13%2C3%2C14%2C15%2C16%2C4%2C17%2C18%2C19%2C20%2C5%2C21%2C6%2C22%2C23%2C24%2C7%2C25%2C26%2C27%2C28%2C29%2C30%2C31%2C32%2C33%2C38%2C39%2C40%2C41%2C42%2C44%2C54%2C55%2C56%2C8%2C9%2C10%2C35%2C36%2C45%2C46%2C47%2C37%2C48%2C49%2C50%2C51%2C52%2C53%2C%5D', '1741', '0', '');
INSERT INTO `gov_log` VALUES ('25', '0', '更新角色菜单', 'dips', 'admin', '2018-11-21 09:19:54', '2018-11-21 09:19:54', '127.0.0.1', 'Mozilla/5.0 (Windows NT 6.1; WOW64) AppleWebKit/537.36 (KHTML, like Gecko) Chrome/68.0.3440.106 Safari/537.36', '/role/roleMenuUpd', 'PUT', 'roleId=%5B1%5D&menuIds=%5B1%2C2%2C11%2C12%2C13%2C3%2C14%2C15%2C16%2C4%2C17%2C18%2C19%2C20%2C5%2C21%2C6%2C22%2C23%2C24%2C7%2C25%2C26%2C27%2C28%2C29%2C30%2C31%2C32%2C33%2C38%2C39%2C40%2C41%2C42%2C44%2C54%2C55%2C56%2C8%2C9%2C10%2C36%2C45%2C46%2C47%2C35%5D', '1900', '0', '');
INSERT INTO `gov_log` VALUES ('26', '0', '更新角色菜单', 'dips', 'admin', '2018-11-21 09:19:59', '2018-11-21 09:19:59', '127.0.0.1', 'Mozilla/5.0 (Windows NT 6.1; WOW64) AppleWebKit/537.36 (KHTML, like Gecko) Chrome/68.0.3440.106 Safari/537.36', '/role/roleMenuUpd', 'PUT', 'roleId=%5B2%5D&menuIds=%5B1%2C2%2C11%2C12%2C13%2C3%2C14%2C15%2C16%2C4%2C17%2C18%2C19%2C20%2C5%2C21%2C6%2C22%2C23%2C24%2C7%2C25%2C26%2C27%2C28%2C29%2C30%2C31%2C32%2C33%2C38%2C39%2C40%2C41%2C42%2C44%2C54%2C55%2C56%2C8%2C9%2C10%2C36%2C45%2C46%2C47%2C35%5D', '1670', '0', '');
INSERT INTO `gov_log` VALUES ('27', '0', '更新角色菜单', 'dips', 'admin', '2018-11-21 09:20:04', '2018-11-21 09:20:04', '127.0.0.1', 'Mozilla/5.0 (Windows NT 6.1; WOW64) AppleWebKit/537.36 (KHTML, like Gecko) Chrome/68.0.3440.106 Safari/537.36', '/role/roleMenuUpd', 'PUT', 'roleId=%5B1%5D&menuIds=%5B1%2C2%2C11%2C12%2C13%2C3%2C14%2C15%2C16%2C4%2C17%2C18%2C19%2C20%2C5%2C21%2C6%2C22%2C23%2C24%2C7%2C25%2C26%2C27%2C28%2C29%2C30%2C31%2C32%2C33%2C38%2C39%2C40%2C41%2C42%2C44%2C54%2C55%2C56%2C8%2C9%2C10%2C35%2C36%2C45%2C46%2C47%2C37%2C48%2C49%2C50%2C51%2C52%2C53%2C%5D', '2202', '0', '');
INSERT INTO `gov_log` VALUES ('28', '0', '更新角色菜单', 'dips', 'admin', '2018-11-21 09:20:09', '2018-11-21 09:20:09', '127.0.0.1', 'Mozilla/5.0 (Windows NT 6.1; WOW64) AppleWebKit/537.36 (KHTML, like Gecko) Chrome/68.0.3440.106 Safari/537.36', '/role/roleMenuUpd', 'PUT', 'roleId=%5B2%5D&menuIds=%5B1%2C2%2C11%2C12%2C13%2C3%2C14%2C15%2C16%2C4%2C17%2C18%2C19%2C20%2C5%2C21%2C6%2C22%2C23%2C24%2C7%2C25%2C26%2C27%2C28%2C29%2C30%2C31%2C32%2C33%2C38%2C39%2C40%2C41%2C42%2C44%2C54%2C55%2C56%2C8%2C9%2C10%2C35%2C36%2C45%2C46%2C47%2C37%2C48%2C49%2C50%2C51%2C52%2C53%2C%5D', '1961', '0', '');
INSERT INTO `gov_log` VALUES ('29', '0', '更新角色菜单', 'dips', 'admin', '2018-11-21 09:21:08', '2018-11-21 09:21:08', '127.0.0.1', 'Mozilla/5.0 (Windows NT 6.1; WOW64) AppleWebKit/537.36 (KHTML, like Gecko) Chrome/68.0.3440.106 Safari/537.36', '/role/roleMenuUpd', 'PUT', 'roleId=%5B1%5D&menuIds=%5B11%2C12%2C3%2C14%2C15%2C16%2C4%2C17%2C18%2C19%2C20%2C5%2C21%2C6%2C22%2C23%2C24%2C7%2C25%2C26%2C27%2C28%2C29%2C30%2C31%2C32%2C33%2C38%2C39%2C40%2C41%2C42%2C44%2C54%2C55%2C56%2C8%2C9%2C10%2C35%2C36%2C45%2C46%2C47%2C37%2C48%2C49%2C50%2C51%2C52%2C53%2C1%2C2%5D', '1990', '0', '');
INSERT INTO `gov_log` VALUES ('30', '0', '更新角色菜单', 'dips', 'admin', '2018-11-21 09:21:46', '2018-11-21 09:21:46', '127.0.0.1', 'Mozilla/5.0 (Windows NT 6.1; WOW64) AppleWebKit/537.36 (KHTML, like Gecko) Chrome/68.0.3440.106 Safari/537.36', '/role/roleMenuUpd', 'PUT', 'roleId=%5B1%5D&menuIds=%5B11%2C12%2C3%2C14%2C15%2C16%2C4%2C17%2C18%2C19%2C20%2C5%2C21%2C6%2C22%2C23%2C24%2C7%2C25%2C26%2C27%2C28%2C29%2C30%2C31%2C32%2C33%2C38%2C39%2C40%2C41%2C42%2C44%2C54%2C55%2C56%2C8%2C9%2C10%2C35%2C36%2C45%2C46%2C47%2C37%2C48%2C49%2C50%2C51%2C52%2C53%2C1%2C2%5D', '2041', '0', '');
INSERT INTO `gov_log` VALUES ('31', '0', '更新角色菜单', 'dips', 'admin', '2018-11-21 09:22:02', '2018-11-21 09:22:02', '127.0.0.1', 'Mozilla/5.0 (Windows NT 6.1; WOW64) AppleWebKit/537.36 (KHTML, like Gecko) Chrome/68.0.3440.106 Safari/537.36', '/role/roleMenuUpd', 'PUT', 'roleId=%5B1%5D&menuIds=%5B1%2C2%2C11%2C12%2C13%2C3%2C14%2C15%2C16%2C4%2C17%2C18%2C19%2C20%2C5%2C21%2C6%2C22%2C23%2C24%2C7%2C25%2C26%2C27%2C28%2C29%2C30%2C31%2C32%2C33%2C38%2C39%2C40%2C41%2C42%2C44%2C54%2C55%2C56%2C8%2C9%2C10%2C35%2C36%2C45%2C46%2C47%2C37%2C48%2C49%2C50%2C51%2C52%2C53%2C%5D', '1984', '0', '');
INSERT INTO `gov_log` VALUES ('32', '0', '修改用户信息', 'dips', 'admin', '2018-11-21 09:23:12', '2018-11-21 09:23:12', '127.0.0.1', 'Mozilla/5.0 (Windows NT 6.1; WOW64) AppleWebKit/537.36 (KHTML, like Gecko) Chrome/68.0.3440.106 Safari/537.36', '/user', 'PUT', '', '179', '0', '');
INSERT INTO `gov_log` VALUES ('33', '0', '修改用户信息', 'dips', 'admin', '2018-11-21 09:23:17', '2018-11-21 09:23:17', '127.0.0.1', 'Mozilla/5.0 (Windows NT 6.1; WOW64) AppleWebKit/537.36 (KHTML, like Gecko) Chrome/68.0.3440.106 Safari/537.36', '/user', 'PUT', '', '128', '0', '');
INSERT INTO `gov_log` VALUES ('34', '0', '修改用户信息', 'dips', 'admin', '2018-11-21 09:23:19', '2018-11-21 09:23:19', '127.0.0.1', 'Mozilla/5.0 (Windows NT 6.1; WOW64) AppleWebKit/537.36 (KHTML, like Gecko) Chrome/68.0.3440.106 Safari/537.36', '/user', 'PUT', '', '218', '0', '');
INSERT INTO `gov_log` VALUES ('35', '0', '添加用户', 'dips', 'admin', '2018-11-21 09:23:59', '2018-11-21 09:23:59', '127.0.0.1', 'Mozilla/5.0 (Windows NT 6.1; WOW64) AppleWebKit/537.36 (KHTML, like Gecko) Chrome/68.0.3440.106 Safari/537.36', '/user', 'POST', '', '356', '0', '');
INSERT INTO `gov_log` VALUES ('36', '0', '修改个人信息', 'dips', 'admin', '2018-11-21 09:26:18', '2018-11-21 09:26:18', '127.0.0.1', 'Mozilla/5.0 (Windows NT 6.1; WOW64) AppleWebKit/537.36 (KHTML, like Gecko) Chrome/68.0.3440.106 Safari/537.36', '/user/editInfo', 'PUT', '', '81', '0', '');
INSERT INTO `gov_log` VALUES ('37', '0', '修改个人信息', 'dips', 'admin', '2018-11-21 09:27:16', '2018-11-21 09:27:16', '127.0.0.1', 'Mozilla/5.0 (Windows NT 6.1; WOW64) AppleWebKit/537.36 (KHTML, like Gecko) Chrome/68.0.3440.106 Safari/537.36', '/user/editInfo', 'PUT', '', '207', '0', '');
INSERT INTO `gov_log` VALUES ('38', '0', '修改用户信息', 'dips', 'admin', '2018-11-21 09:30:22', '2018-11-21 09:30:22', '127.0.0.1', 'Mozilla/5.0 (Windows NT 6.1; WOW64) AppleWebKit/537.36 (KHTML, like Gecko) Chrome/68.0.3440.106 Safari/537.36', '/user', 'PUT', '', '533', '0', '');
INSERT INTO `gov_log` VALUES ('39', '0', '修改用户信息', 'dips', 'admin', '2018-11-21 09:30:28', '2018-11-21 09:30:28', '127.0.0.1', 'Mozilla/5.0 (Windows NT 6.1; WOW64) AppleWebKit/537.36 (KHTML, like Gecko) Chrome/68.0.3440.106 Safari/537.36', '/user', 'PUT', '', '168', '0', '');
INSERT INTO `gov_log` VALUES ('40', '0', '修改用户信息', 'dips', 'test', '2018-11-21 09:36:10', '2018-11-21 09:36:10', '127.0.0.1', 'Mozilla/5.0 (Windows NT 6.1; WOW64) AppleWebKit/537.36 (KHTML, like Gecko) Chrome/68.0.3440.106 Safari/537.36', '/user', 'PUT', '', '160', '0', '');
INSERT INTO `gov_log` VALUES ('41', '0', '添加标签分类', 'dips', 'test', '2018-11-21 09:36:48', '2018-11-21 09:36:48', '127.0.0.1', 'Mozilla/5.0 (Windows NT 6.1; WOW64) AppleWebKit/537.36 (KHTML, like Gecko) Chrome/68.0.3440.106 Safari/537.36', '/tagType/saveTagType', 'POST', '', '99', '0', '');
INSERT INTO `gov_log` VALUES ('42', '0', '添加标签级别', 'dips', 'test', '2018-11-21 09:36:56', '2018-11-21 09:36:56', '127.0.0.1', 'Mozilla/5.0 (Windows NT 6.1; WOW64) AppleWebKit/537.36 (KHTML, like Gecko) Chrome/68.0.3440.106 Safari/537.36', '/tagLevel/saveTagLevel', 'POST', '', '52', '0', '');
INSERT INTO `gov_log` VALUES ('43', '0', '添加标签', 'dips', 'test', '2018-11-21 09:37:31', '2018-11-21 09:37:31', '127.0.0.1', 'Mozilla/5.0 (Windows NT 6.1; WOW64) AppleWebKit/537.36 (KHTML, like Gecko) Chrome/68.0.3440.106 Safari/537.36', '/tag/saveTag', 'POST', '', '101', '0', '');
INSERT INTO `gov_log` VALUES ('44', '0', '更新标签', 'dips', 'test', '2018-11-21 09:37:34', '2018-11-21 09:37:34', '127.0.0.1', 'Mozilla/5.0 (Windows NT 6.1; WOW64) AppleWebKit/537.36 (KHTML, like Gecko) Chrome/68.0.3440.106 Safari/537.36', '/tag/updateTag', 'PUT', '', '64', '0', '');
INSERT INTO `gov_log` VALUES ('45', '0', '修改用户信息', 'dips', 'test', '2018-11-21 09:38:16', '2018-11-21 09:38:16', '127.0.0.1', 'Mozilla/5.0 (Windows NT 6.1; WOW64) AppleWebKit/537.36 (KHTML, like Gecko) Chrome/68.0.3440.106 Safari/537.36', '/user', 'PUT', '', '295', '0', '');
INSERT INTO `gov_log` VALUES ('46', '0', '修改用户信息', 'dips', 'test', '2018-11-21 09:38:19', '2018-11-21 09:38:19', '127.0.0.1', 'Mozilla/5.0 (Windows NT 6.1; WOW64) AppleWebKit/537.36 (KHTML, like Gecko) Chrome/68.0.3440.106 Safari/537.36', '/user', 'PUT', '', '118', '0', '');

-- ----------------------------
-- Table structure for `gov_menu`
-- ----------------------------
DROP TABLE IF EXISTS `gov_menu`;
CREATE TABLE `gov_menu` (
  `id` bigint(20) NOT NULL COMMENT '菜单ID',
  `name` varchar(32) NOT NULL DEFAULT '' COMMENT '菜单名称',
  `permission` varchar(32) NOT NULL DEFAULT '' COMMENT '菜单权限标识',
  `path` varchar(255) NOT NULL DEFAULT '' COMMENT '前端URL',
  `parent_id` bigint(20) NOT NULL DEFAULT '-1' COMMENT '父菜单ID',
  `icon` varchar(32) NOT NULL DEFAULT '' COMMENT '图标',
  `component` varchar(255) NOT NULL DEFAULT '' COMMENT 'VUE页面',
  `sort` int(11) NOT NULL DEFAULT '1' COMMENT '排序值',
  `type` char(1) NOT NULL COMMENT '菜单类型 （0菜单 1按钮）',
  `create_time` timestamp NOT NULL DEFAULT CURRENT_TIMESTAMP COMMENT '创建时间',
  `modified_time` timestamp NOT NULL DEFAULT CURRENT_TIMESTAMP ON UPDATE CURRENT_TIMESTAMP COMMENT '更新时间',
  `is_deleted` char(1) NOT NULL DEFAULT '0' COMMENT '0--正常 1--删除',
  PRIMARY KEY (`id`)
) ENGINE=InnoDB DEFAULT CHARSET=utf8 ROW_FORMAT=DYNAMIC COMMENT='菜单权限表';

-- ----------------------------
-- Records of gov_menu
-- ----------------------------
INSERT INTO `gov_menu` VALUES ('1', '系统管理', '', '/admin', '-1', 'icon-xitongguanli', 'Layout', '11', '0', '2017-11-07 20:56:00', '2018-11-06 15:38:54', '0');
INSERT INTO `gov_menu` VALUES ('2', '用户管理', '', 'user', '1', 'icon-yonghuguanli', 'views/admin/user/index', '2', '0', '2017-11-02 22:24:37', '2018-11-06 15:38:56', '0');
INSERT INTO `gov_menu` VALUES ('3', '菜单管理', '', 'menu', '1', 'icon-caidanguanli', 'views/admin/menu/index', '3', '0', '2017-11-08 09:57:27', '2018-11-06 15:38:57', '0');
INSERT INTO `gov_menu` VALUES ('4', '角色管理', '', 'role', '1', 'icon-jiaoseguanli', 'views/admin/role/index', '4', '0', '2017-11-08 10:13:37', '2018-11-06 15:38:58', '0');
INSERT INTO `gov_menu` VALUES ('5', '日志管理', '', 'log', '1', 'icon-rizhiguanli', 'views/admin/log/index', '5', '0', '2017-11-20 14:06:22', '2018-11-06 15:38:59', '0');
INSERT INTO `gov_menu` VALUES ('6', '字典管理', '', 'dict', '1', 'icon-zygl', 'views/admin/dict/index', '6', '0', '2017-11-29 11:30:52', '2018-11-06 15:39:02', '0');
INSERT INTO `gov_menu` VALUES ('7', '部门管理', '', 'dept', '1', 'icon-iconbmgl', 'views/admin/dept/index', '7', '0', '2018-01-20 13:17:19', '2018-11-06 15:39:04', '0');
INSERT INTO `gov_menu` VALUES ('8', '系统监控', '', '1', '-1', 'icon-iconbmgl', '1', '12', '0', '2018-01-22 12:30:41', '2018-11-06 15:39:05', '0');
INSERT INTO `gov_menu` VALUES ('9', '服务监控', '', 'http://127.0.0.1:5001', '8', 'icon-jiankong', '', '9', '0', '2018-01-23 10:53:33', '2018-11-06 15:39:06', '0');
INSERT INTO `gov_menu` VALUES ('10', '接口文档', '', 'http://127.0.0.1:9999/swagger-ui.html', '8', 'icon-wendangdocument72', '', '14', '0', '2018-01-23 10:56:43', '2018-11-06 15:39:11', '0');
INSERT INTO `gov_menu` VALUES ('11', '用户新增', 'sys_user_add', '', '2', '', '', '0', '1', '2017-11-08 09:52:09', '2018-11-06 15:38:21', '0');
INSERT INTO `gov_menu` VALUES ('12', '用户修改', 'sys_user_edit', '', '2', '', '', '0', '1', '2017-11-08 09:52:48', '2018-11-06 15:38:21', '0');
INSERT INTO `gov_menu` VALUES ('13', '用户删除', 'sys_user_del', '', '2', '', '', '0', '1', '2017-11-08 09:54:01', '2018-11-06 15:38:22', '0');
INSERT INTO `gov_menu` VALUES ('14', '菜单新增', 'sys_menu_add', '', '3', '', '', '0', '1', '2017-11-08 10:15:53', '2018-11-06 15:38:22', '0');
INSERT INTO `gov_menu` VALUES ('15', '菜单修改', 'sys_menu_edit', '', '3', '', '', '0', '1', '2017-11-08 10:16:23', '2018-11-06 15:38:23', '0');
INSERT INTO `gov_menu` VALUES ('16', '菜单删除', 'sys_menu_del', '', '3', '', '', '0', '1', '2017-11-08 10:16:43', '2018-11-06 15:38:23', '0');
INSERT INTO `gov_menu` VALUES ('17', '角色新增', 'sys_role_add', '', '4', '', '', '0', '1', '2017-11-08 10:14:18', '2018-11-06 15:38:24', '0');
INSERT INTO `gov_menu` VALUES ('18', '角色修改', 'sys_role_edit', '', '4', '', '', '0', '1', '2017-11-08 10:14:41', '2018-11-06 15:38:25', '0');
INSERT INTO `gov_menu` VALUES ('19', '角色删除', 'sys_role_del', '', '4', '', '', '0', '1', '2017-11-08 10:14:59', '2018-11-06 15:38:25', '0');
INSERT INTO `gov_menu` VALUES ('20', '分配权限', 'sys_role_perm', '', '4', '', '', '0', '1', '2018-04-20 07:22:55', '2018-11-06 15:38:26', '0');
INSERT INTO `gov_menu` VALUES ('21', '日志删除', 'sys_log_del', '', '5', '', '', '0', '1', '2017-11-20 20:37:37', '2018-11-06 15:38:26', '0');
INSERT INTO `gov_menu` VALUES ('22', '字典删除', 'sys_dict_del', '', '6', '', '', '0', '1', '2017-11-29 11:30:11', '2018-11-06 15:38:27', '0');
INSERT INTO `gov_menu` VALUES ('23', '字典新增', 'sys_dict_add', '', '6', '', '', '0', '1', '2018-05-11 22:34:55', '2018-11-06 15:38:27', '0');
INSERT INTO `gov_menu` VALUES ('24', '字典修改', 'sys_dict_edit', '', '6', '', '', '0', '1', '2018-05-11 22:36:03', '2018-11-06 15:38:28', '0');
INSERT INTO `gov_menu` VALUES ('25', '部门新增', 'sys_dept_add', '', '7', '', '', '0', '1', '2018-01-20 14:56:16', '2018-11-06 15:38:29', '0');
INSERT INTO `gov_menu` VALUES ('26', '部门修改', 'sys_dept_edit', '', '7', '', '', '0', '1', '2018-01-20 14:56:59', '2018-11-06 15:38:29', '0');
INSERT INTO `gov_menu` VALUES ('27', '部门删除', 'sys_dept_del', '', '7', '', '', '0', '1', '2018-01-20 14:57:28', '2018-11-06 15:38:31', '0');
INSERT INTO `gov_menu` VALUES ('28', '客户端管理', '', 'client', '1', 'icon-bangzhushouji', 'views/admin/client/index', '10', '0', '2018-01-20 13:17:19', '2018-10-24 10:15:42', '0');
INSERT INTO `gov_menu` VALUES ('29', '客户端新增', 'sys_client_add', '', '28', '', '', '0', '1', '2018-05-15 21:35:18', '2018-11-06 15:38:31', '0');
INSERT INTO `gov_menu` VALUES ('30', '客户端修改', 'sys_client_edit', '', '28', '', '', '0', '1', '2018-05-15 21:37:06', '2018-11-06 15:38:32', '0');
INSERT INTO `gov_menu` VALUES ('31', '客户端删除', 'sys_client_del', '', '28', '', '', '0', '1', '2018-05-15 21:39:16', '2018-11-06 15:38:33', '0');
INSERT INTO `gov_menu` VALUES ('32', '令牌管理', '', 'token', '1', 'icon-key', 'views/admin/token/index', '11', '0', '2018-10-18 14:15:03', '2018-10-24 10:15:48', '0');
INSERT INTO `gov_menu` VALUES ('33', '令牌删除', 'sys_token_del', '', '32', '', '', '1', '1', '2018-10-18 14:18:59', '2018-11-06 15:38:34', '0');
INSERT INTO `gov_menu` VALUES ('34', '关联管理', '', 'relation', '1', 'icon-weibiaoti46', 'views/admin/relation/index', '8', '0', '2018-09-04 16:17:17', '2018-11-20 14:48:32', '1');
INSERT INTO `gov_menu` VALUES ('35', '标签管理', '', '/tag', '-1', 'el-icon-tickets', 'Layout', '15', '0', '2018-08-17 08:21:04', '2018-11-06 15:39:31', '0');
INSERT INTO `gov_menu` VALUES ('36', '标签列表', '', 'bqgl', '35', 'icon-layers', 'views/tag/tag_manager/index', '1', '0', '2018-08-17 08:25:49', '2018-11-06 15:39:32', '0');
INSERT INTO `gov_menu` VALUES ('37', '标签属性', '', 'bqsx', '35', 'el-icon-edit', 'views/tag/tag_prop/index', '2', '0', '2018-08-17 08:27:00', '2018-11-06 15:39:34', '0');
INSERT INTO `gov_menu` VALUES ('38', '代码生成', '', 'gen', '1', 'icon-weibiaoti46', 'views/admin/gen/index', '10', '0', '2018-09-01 14:33:52', '2018-11-06 15:40:14', '0');
INSERT INTO `gov_menu` VALUES ('39', '密钥管理', '', 'social', '1', 'icon-social', 'views/admin/social/index', '11', '0', '2018-09-01 14:35:07', '2018-11-06 15:40:26', '0');
INSERT INTO `gov_menu` VALUES ('40', '密钥新增', '', '', '39', '', '', '0', '1', '2018-09-01 14:36:01', '2018-11-06 15:40:23', '0');
INSERT INTO `gov_menu` VALUES ('41', '密钥删除', '', '', '39', '', '', '2', '1', '2018-09-01 14:37:09', '2018-11-06 15:40:20', '0');
INSERT INTO `gov_menu` VALUES ('42', '密钥修改', '', '', '39', '', '', '1', '1', '2018-09-01 14:36:42', '2018-11-06 15:38:37', '0');
INSERT INTO `gov_menu` VALUES ('44', '城市管理', '', 'city', '1', 'icon-iconbmgl', 'views/admin/city/index', '8', '0', '2018-11-20 08:59:46', '2018-11-20 08:59:46', '0');
INSERT INTO `gov_menu` VALUES ('45', '标签删除', 'gov_tag_del', '', '36', '', '', '1', '1', '2018-11-20 17:21:50', '2018-11-21 08:58:10', '0');
INSERT INTO `gov_menu` VALUES ('46', '标签新增', 'gov_tag_add', '', '36', '', '', '1', '1', '2018-11-20 17:22:25', '2018-11-21 08:58:12', '0');
INSERT INTO `gov_menu` VALUES ('47', '标签更新', 'gov_tag_edit', '', '36', '', '', '1', '1', '2018-11-20 17:23:10', '2018-11-21 08:58:14', '0');
INSERT INTO `gov_menu` VALUES ('48', '标签级别删除', 'gov_tagLevel_del', '', '37', '', '', '1', '1', '2018-11-20 17:24:29', '2018-11-21 08:58:16', '0');
INSERT INTO `gov_menu` VALUES ('49', '标签级别新增', 'gov_tagLevel_add', '', '37', '', '', '1', '1', '2018-11-20 17:24:54', '2018-11-21 08:58:20', '0');
INSERT INTO `gov_menu` VALUES ('50', '标签级别更新', 'gov_tagLevel_edit', '', '37', '', '', '1', '1', '2018-11-20 17:25:19', '2018-11-21 08:58:22', '0');
INSERT INTO `gov_menu` VALUES ('51', '标签分类删除', 'gov_tagType_del', '', '37', '', '', '1', '1', '2018-11-20 17:26:00', '2018-11-21 08:58:24', '0');
INSERT INTO `gov_menu` VALUES ('52', '标签分类新增', 'gov_tagType_add', '', '37', '', '', '1', '1', '2018-11-20 17:26:33', '2018-11-21 08:58:27', '0');
INSERT INTO `gov_menu` VALUES ('53', '标签分类更新', 'gov_tagType_edit', '', '37', '', '', '1', '1', '2018-11-20 17:26:58', '2018-11-21 08:58:29', '0');
INSERT INTO `gov_menu` VALUES ('54', '添加城市', 'sys_city_add', '', '44', '', '', '1', '1', '2018-11-21 09:00:44', '2018-11-21 09:00:44', '0');
INSERT INTO `gov_menu` VALUES ('55', '编辑城市', 'sys_city_edit', '', '44', '', '', '1', '1', '2018-11-21 09:00:59', '2018-11-21 09:00:59', '0');
INSERT INTO `gov_menu` VALUES ('56', '删除城市', 'sys_city_del', '', '44', '', '', '1', '1', '2018-11-21 09:01:10', '2018-11-21 09:01:10', '0');

-- ----------------------------
-- Table structure for `gov_oauth_client_details`
-- ----------------------------
DROP TABLE IF EXISTS `gov_oauth_client_details`;
CREATE TABLE `gov_oauth_client_details` (
  `client_id` varchar(32) NOT NULL,
  `resource_ids` varchar(256) NOT NULL DEFAULT '',
  `client_secret` varchar(256) NOT NULL DEFAULT '',
  `scope` varchar(256) NOT NULL DEFAULT '',
  `authorized_grant_types` varchar(256) NOT NULL DEFAULT '',
  `web_server_redirect_uri` varchar(256) NOT NULL DEFAULT '',
  `authorities` varchar(256) NOT NULL DEFAULT '',
  `access_token_validity` int(11) DEFAULT NULL,
  `refresh_token_validity` int(11) DEFAULT NULL,
  `additional_information` varchar(4096) NOT NULL,
  `autoapprove` varchar(256) NOT NULL,
  PRIMARY KEY (`client_id`)
) ENGINE=InnoDB DEFAULT CHARSET=utf8mb4 ROW_FORMAT=DYNAMIC COMMENT='客户端管理表';

-- ----------------------------
-- Records of gov_oauth_client_details
-- ----------------------------
INSERT INTO `gov_oauth_client_details` VALUES ('dips', '', 'dips', 'server', 'password,refresh_token', '', '', null, null, '', 'true');
INSERT INTO `gov_oauth_client_details` VALUES ('test', '', 'test', 'server', 'password,refresh_token', '', '', null, null, '', 'true');

-- ----------------------------
-- Table structure for `gov_role`
-- ----------------------------
DROP TABLE IF EXISTS `gov_role`;
CREATE TABLE `gov_role` (
  `id` bigint(20) NOT NULL AUTO_INCREMENT,
  `role_name` varchar(64) CHARACTER SET utf8mb4 NOT NULL,
  `role_code` varchar(64) CHARACTER SET utf8mb4 NOT NULL,
  `role_desc` varchar(255) CHARACTER SET utf8mb4 NOT NULL,
  `create_time` timestamp NOT NULL DEFAULT CURRENT_TIMESTAMP,
  `modified_time` timestamp NOT NULL DEFAULT CURRENT_TIMESTAMP ON UPDATE CURRENT_TIMESTAMP,
  `is_deleted` char(1) CHARACTER SET utf8mb4 NOT NULL DEFAULT '0' COMMENT '删除标识（0-正常,1-删除）',
  PRIMARY KEY (`id`),
  UNIQUE KEY `role_idx1_role_code` (`role_code`)
) ENGINE=InnoDB AUTO_INCREMENT=3 DEFAULT CHARSET=utf8mb4 COLLATE=utf8mb4_bin ROW_FORMAT=DYNAMIC COMMENT='用户角色表';

-- ----------------------------
-- Records of gov_role
-- ----------------------------
INSERT INTO `gov_role` VALUES ('1', '超级管理员', 'ROLE_ADMIN', '最大权限', '2017-10-29 15:45:51', '2018-11-20 09:12:01', '0');
INSERT INTO `gov_role` VALUES ('2', '普通会员', 'ROLE_USER', '普通权限', '2018-11-20 16:31:28', '2018-11-20 16:31:28', '0');

-- ----------------------------
-- Table structure for `gov_role_dept`
-- ----------------------------
DROP TABLE IF EXISTS `gov_role_dept`;
CREATE TABLE `gov_role_dept` (
  `id` bigint(20) NOT NULL AUTO_INCREMENT,
  `role_id` bigint(20) NOT NULL COMMENT '角色ID',
  `dept_id` bigint(20) NOT NULL COMMENT '部门ID',
  PRIMARY KEY (`id`)
) ENGINE=InnoDB AUTO_INCREMENT=3 DEFAULT CHARSET=utf8 ROW_FORMAT=DYNAMIC COMMENT='角色与部门对应关系';

-- ----------------------------
-- Records of gov_role_dept
-- ----------------------------
INSERT INTO `gov_role_dept` VALUES ('1', '1', '1');
INSERT INTO `gov_role_dept` VALUES ('2', '2', '1');

-- ----------------------------
-- Table structure for `gov_role_menu`
-- ----------------------------
DROP TABLE IF EXISTS `gov_role_menu`;
CREATE TABLE `gov_role_menu` (
  `role_id` bigint(11) NOT NULL COMMENT '角色ID',
  `menu_id` bigint(11) NOT NULL COMMENT '菜单ID',
  PRIMARY KEY (`role_id`,`menu_id`)
) ENGINE=InnoDB DEFAULT CHARSET=utf8 ROW_FORMAT=DYNAMIC COMMENT='角色菜单权限表';

-- ----------------------------
-- Records of gov_role_menu
-- ----------------------------
INSERT INTO `gov_role_menu` VALUES ('1', '1');
INSERT INTO `gov_role_menu` VALUES ('1', '2');
INSERT INTO `gov_role_menu` VALUES ('1', '3');
INSERT INTO `gov_role_menu` VALUES ('1', '4');
INSERT INTO `gov_role_menu` VALUES ('1', '5');
INSERT INTO `gov_role_menu` VALUES ('1', '6');
INSERT INTO `gov_role_menu` VALUES ('1', '7');
INSERT INTO `gov_role_menu` VALUES ('1', '8');
INSERT INTO `gov_role_menu` VALUES ('1', '9');
INSERT INTO `gov_role_menu` VALUES ('1', '10');
INSERT INTO `gov_role_menu` VALUES ('1', '11');
INSERT INTO `gov_role_menu` VALUES ('1', '12');
INSERT INTO `gov_role_menu` VALUES ('1', '13');
INSERT INTO `gov_role_menu` VALUES ('1', '14');
INSERT INTO `gov_role_menu` VALUES ('1', '15');
INSERT INTO `gov_role_menu` VALUES ('1', '16');
INSERT INTO `gov_role_menu` VALUES ('1', '17');
INSERT INTO `gov_role_menu` VALUES ('1', '18');
INSERT INTO `gov_role_menu` VALUES ('1', '19');
INSERT INTO `gov_role_menu` VALUES ('1', '20');
INSERT INTO `gov_role_menu` VALUES ('1', '21');
INSERT INTO `gov_role_menu` VALUES ('1', '22');
INSERT INTO `gov_role_menu` VALUES ('1', '23');
INSERT INTO `gov_role_menu` VALUES ('1', '24');
INSERT INTO `gov_role_menu` VALUES ('1', '25');
INSERT INTO `gov_role_menu` VALUES ('1', '26');
INSERT INTO `gov_role_menu` VALUES ('1', '27');
INSERT INTO `gov_role_menu` VALUES ('1', '28');
INSERT INTO `gov_role_menu` VALUES ('1', '29');
INSERT INTO `gov_role_menu` VALUES ('1', '30');
INSERT INTO `gov_role_menu` VALUES ('1', '31');
INSERT INTO `gov_role_menu` VALUES ('1', '32');
INSERT INTO `gov_role_menu` VALUES ('1', '33');
INSERT INTO `gov_role_menu` VALUES ('1', '35');
INSERT INTO `gov_role_menu` VALUES ('1', '36');
INSERT INTO `gov_role_menu` VALUES ('1', '37');
INSERT INTO `gov_role_menu` VALUES ('1', '38');
INSERT INTO `gov_role_menu` VALUES ('1', '39');
INSERT INTO `gov_role_menu` VALUES ('1', '40');
INSERT INTO `gov_role_menu` VALUES ('1', '41');
INSERT INTO `gov_role_menu` VALUES ('1', '42');
INSERT INTO `gov_role_menu` VALUES ('1', '44');
INSERT INTO `gov_role_menu` VALUES ('1', '45');
INSERT INTO `gov_role_menu` VALUES ('1', '46');
INSERT INTO `gov_role_menu` VALUES ('1', '47');
INSERT INTO `gov_role_menu` VALUES ('1', '48');
INSERT INTO `gov_role_menu` VALUES ('1', '49');
INSERT INTO `gov_role_menu` VALUES ('1', '50');
INSERT INTO `gov_role_menu` VALUES ('1', '51');
INSERT INTO `gov_role_menu` VALUES ('1', '52');
INSERT INTO `gov_role_menu` VALUES ('1', '53');
INSERT INTO `gov_role_menu` VALUES ('1', '54');
INSERT INTO `gov_role_menu` VALUES ('1', '55');
INSERT INTO `gov_role_menu` VALUES ('1', '56');
INSERT INTO `gov_role_menu` VALUES ('2', '1');
INSERT INTO `gov_role_menu` VALUES ('2', '2');
INSERT INTO `gov_role_menu` VALUES ('2', '3');
INSERT INTO `gov_role_menu` VALUES ('2', '4');
INSERT INTO `gov_role_menu` VALUES ('2', '5');
INSERT INTO `gov_role_menu` VALUES ('2', '6');
INSERT INTO `gov_role_menu` VALUES ('2', '7');
INSERT INTO `gov_role_menu` VALUES ('2', '8');
INSERT INTO `gov_role_menu` VALUES ('2', '9');
INSERT INTO `gov_role_menu` VALUES ('2', '10');
INSERT INTO `gov_role_menu` VALUES ('2', '11');
INSERT INTO `gov_role_menu` VALUES ('2', '12');
INSERT INTO `gov_role_menu` VALUES ('2', '13');
INSERT INTO `gov_role_menu` VALUES ('2', '14');
INSERT INTO `gov_role_menu` VALUES ('2', '15');
INSERT INTO `gov_role_menu` VALUES ('2', '16');
INSERT INTO `gov_role_menu` VALUES ('2', '17');
INSERT INTO `gov_role_menu` VALUES ('2', '18');
INSERT INTO `gov_role_menu` VALUES ('2', '19');
INSERT INTO `gov_role_menu` VALUES ('2', '20');
INSERT INTO `gov_role_menu` VALUES ('2', '21');
INSERT INTO `gov_role_menu` VALUES ('2', '22');
INSERT INTO `gov_role_menu` VALUES ('2', '23');
INSERT INTO `gov_role_menu` VALUES ('2', '24');
INSERT INTO `gov_role_menu` VALUES ('2', '25');
INSERT INTO `gov_role_menu` VALUES ('2', '26');
INSERT INTO `gov_role_menu` VALUES ('2', '27');
INSERT INTO `gov_role_menu` VALUES ('2', '28');
INSERT INTO `gov_role_menu` VALUES ('2', '29');
INSERT INTO `gov_role_menu` VALUES ('2', '30');
INSERT INTO `gov_role_menu` VALUES ('2', '31');
INSERT INTO `gov_role_menu` VALUES ('2', '32');
INSERT INTO `gov_role_menu` VALUES ('2', '33');
INSERT INTO `gov_role_menu` VALUES ('2', '35');
INSERT INTO `gov_role_menu` VALUES ('2', '36');
INSERT INTO `gov_role_menu` VALUES ('2', '37');
INSERT INTO `gov_role_menu` VALUES ('2', '38');
INSERT INTO `gov_role_menu` VALUES ('2', '39');
INSERT INTO `gov_role_menu` VALUES ('2', '40');
INSERT INTO `gov_role_menu` VALUES ('2', '41');
INSERT INTO `gov_role_menu` VALUES ('2', '42');
INSERT INTO `gov_role_menu` VALUES ('2', '44');
INSERT INTO `gov_role_menu` VALUES ('2', '45');
INSERT INTO `gov_role_menu` VALUES ('2', '46');
INSERT INTO `gov_role_menu` VALUES ('2', '47');
INSERT INTO `gov_role_menu` VALUES ('2', '48');
INSERT INTO `gov_role_menu` VALUES ('2', '49');
INSERT INTO `gov_role_menu` VALUES ('2', '50');
INSERT INTO `gov_role_menu` VALUES ('2', '51');
INSERT INTO `gov_role_menu` VALUES ('2', '52');
INSERT INTO `gov_role_menu` VALUES ('2', '53');
INSERT INTO `gov_role_menu` VALUES ('2', '54');
INSERT INTO `gov_role_menu` VALUES ('2', '55');
INSERT INTO `gov_role_menu` VALUES ('2', '56');

-- ----------------------------
-- Table structure for `gov_social_details`
-- ----------------------------
DROP TABLE IF EXISTS `gov_social_details`;
CREATE TABLE `gov_social_details` (
  `id` bigint(20) NOT NULL AUTO_INCREMENT COMMENT '主鍵',
  `type` varchar(16) NOT NULL DEFAULT '' COMMENT '类型',
  `remark` varchar(64) NOT NULL DEFAULT '' COMMENT '描述',
  `app_id` varchar(64) NOT NULL DEFAULT '' COMMENT 'appid',
  `app_secret` varchar(64) NOT NULL DEFAULT '' COMMENT 'app_secret',
  `redirect_url` varchar(128) NOT NULL DEFAULT '' COMMENT '回调地址',
  `create_time` timestamp NOT NULL DEFAULT CURRENT_TIMESTAMP COMMENT '创建时间',
  `modified_time` timestamp NOT NULL DEFAULT CURRENT_TIMESTAMP ON UPDATE CURRENT_TIMESTAMP COMMENT '更新时间',
  `is_deleted` char(50) NOT NULL DEFAULT '0' COMMENT '删除标记',
  PRIMARY KEY (`id`)
) ENGINE=InnoDB DEFAULT CHARSET=utf8mb4 COMMENT='系统社交登录账号表';

-- ----------------------------
-- Records of gov_social_details
-- ----------------------------

-- ----------------------------
-- Table structure for `gov_tag`
-- ----------------------------
DROP TABLE IF EXISTS `gov_tag`;
CREATE TABLE `gov_tag` (
  `id` bigint(20) NOT NULL AUTO_INCREMENT,
  `name` varchar(150) NOT NULL DEFAULT '' COMMENT '标签名称',
  `creation_date` timestamp NOT NULL DEFAULT CURRENT_TIMESTAMP COMMENT '标签创建时间',
  `refers` int(11) NOT NULL DEFAULT '0' COMMENT '标签应用次数',
  `priority` tinyint(4) NOT NULL COMMENT '标签优先级',
  `type_id` bigint(20) NOT NULL DEFAULT '-1' COMMENT '标签分类',
  `level_id` bigint(20) NOT NULL DEFAULT '-1' COMMENT '标签级别',
  `views` int(11) NOT NULL COMMENT '标签浏览量',
  `description` mediumtext NOT NULL COMMENT '标签介绍',
  `relation` varchar(80) NOT NULL DEFAULT '' COMMENT '关联标签',
  `creator_id` bigint(20) NOT NULL COMMENT '标签创建者',
  `system` varchar(80) NOT NULL COMMENT '所属系统',
  PRIMARY KEY (`id`)
) ENGINE=InnoDB AUTO_INCREMENT=2 DEFAULT CHARSET=utf8mb4 COMMENT='标签表';

-- ----------------------------
-- Records of gov_tag
-- ----------------------------
INSERT INTO `gov_tag` VALUES ('1', '大数据', '2018-11-21 09:37:31', '0', '1', '1', '1', '0', '大数据（big data），指无法在一定时间范围内用常规软件工具进行捕捉、管理和处理的数据集合，是需要新处理模式才能具有更强的决策力、洞察发现力和流程优化能力的海量、高增长率和多样化的信息资产。', '', '2', 'DIPS');

-- ----------------------------
-- Table structure for `gov_tag_description`
-- ----------------------------
DROP TABLE IF EXISTS `gov_tag_description`;
CREATE TABLE `gov_tag_description` (
  `id` bigint(20) NOT NULL AUTO_INCREMENT COMMENT '标签描述id',
  `description` mediumtext NOT NULL COMMENT '描述',
  `tag_id` bigint(20) NOT NULL COMMENT '关联标签id',
  `creation_date` datetime NOT NULL COMMENT '创建时间',
  `creator_id` bigint(20) NOT NULL COMMENT '创建者',
  PRIMARY KEY (`id`),
  KEY `g_tag_id` (`tag_id`),
  KEY `g_creator_id` (`creator_id`),
  CONSTRAINT `gov_tag_description_ibfk_1` FOREIGN KEY (`tag_id`) REFERENCES `gov_tag` (`id`)
) ENGINE=InnoDB DEFAULT CHARSET=utf8mb4 COMMENT='标签描述表';

-- ----------------------------
-- Records of gov_tag_description
-- ----------------------------

-- ----------------------------
-- Table structure for `gov_tag_level`
-- ----------------------------
DROP TABLE IF EXISTS `gov_tag_level`;
CREATE TABLE `gov_tag_level` (
  `id` bigint(20) NOT NULL AUTO_INCREMENT COMMENT '标签级别ID',
  `name` varchar(150) NOT NULL COMMENT '标签级别名称',
  `creation_date` datetime NOT NULL COMMENT '创建时间',
  PRIMARY KEY (`id`)
) ENGINE=InnoDB AUTO_INCREMENT=2 DEFAULT CHARSET=utf8mb4 COMMENT='标签级别表';

-- ----------------------------
-- Records of gov_tag_level
-- ----------------------------
INSERT INTO `gov_tag_level` VALUES ('1', '默认级别', '2018-11-21 09:36:56');

-- ----------------------------
-- Table structure for `gov_tag_relation`
-- ----------------------------
DROP TABLE IF EXISTS `gov_tag_relation`;
CREATE TABLE `gov_tag_relation` (
  `node` varchar(60) NOT NULL COMMENT '栏目编码',
  `tag_id` bigint(20) NOT NULL COMMENT '标签ID',
  `relation_id` bigint(20) NOT NULL COMMENT '标签关联ID',
  `type_id` bigint(20) NOT NULL COMMENT '标签关联类型',
  PRIMARY KEY (`tag_id`,`relation_id`,`type_id`,`node`)
) ENGINE=InnoDB DEFAULT CHARSET=utf8mb4 COMMENT='标签关联表';

-- ----------------------------
-- Records of gov_tag_relation
-- ----------------------------

-- ----------------------------
-- Table structure for `gov_tag_relation_type`
-- ----------------------------
DROP TABLE IF EXISTS `gov_tag_relation_type`;
CREATE TABLE `gov_tag_relation_type` (
  `id` bigint(20) NOT NULL AUTO_INCREMENT COMMENT '标签',
  `type_name` varchar(30) NOT NULL COMMENT '标签关联名称',
  `type_number` varchar(30) NOT NULL COMMENT '标签关联编码',
  PRIMARY KEY (`id`)
) ENGINE=InnoDB AUTO_INCREMENT=5 DEFAULT CHARSET=utf8 COMMENT='标签关联类型表';

-- ----------------------------
-- Records of gov_tag_relation_type
-- ----------------------------
INSERT INTO `gov_tag_relation_type` VALUES ('1', '卓越标签', 'ability');
INSERT INTO `gov_tag_relation_type` VALUES ('2', '专业标签', 'project');
INSERT INTO `gov_tag_relation_type` VALUES ('3', '进步标签', 'learning');
INSERT INTO `gov_tag_relation_type` VALUES ('4', '默认标签', 'def');

-- ----------------------------
-- Table structure for `gov_tag_type`
-- ----------------------------
DROP TABLE IF EXISTS `gov_tag_type`;
CREATE TABLE `gov_tag_type` (
  `id` bigint(20) NOT NULL AUTO_INCREMENT COMMENT '标签分类ID',
  `parent_id` bigint(20) NOT NULL DEFAULT '-1' COMMENT '上级分类ID',
  `name` varchar(150) NOT NULL COMMENT '标签分类名称',
  `creation_date` datetime NOT NULL COMMENT '创建时间',
  PRIMARY KEY (`id`)
) ENGINE=InnoDB AUTO_INCREMENT=2 DEFAULT CHARSET=utf8mb4 COMMENT='标签分类表';

-- ----------------------------
-- Records of gov_tag_type
-- ----------------------------
INSERT INTO `gov_tag_type` VALUES ('1', '0', '默认分类', '2018-11-21 09:36:48');

-- ----------------------------
-- Table structure for `gov_user`
-- ----------------------------
DROP TABLE IF EXISTS `gov_user`;
CREATE TABLE `gov_user` (
  `id` int(11) NOT NULL AUTO_INCREMENT COMMENT '主键ID',
  `username` varchar(64) COLLATE utf8mb4_bin NOT NULL COMMENT '用户名',
  `real_name` varchar(64) CHARACTER SET utf8mb4 NOT NULL DEFAULT '' COMMENT '真实姓名',
  `password` varchar(255) COLLATE utf8mb4_bin NOT NULL,
  `salt` varchar(255) COLLATE utf8mb4_bin NOT NULL COMMENT '随机盐',
  `phone` varchar(20) COLLATE utf8mb4_bin NOT NULL COMMENT '简介',
  `avatar` varchar(255) COLLATE utf8mb4_bin NOT NULL COMMENT '头像',
  `dept_id` int(11) NOT NULL COMMENT '部门ID',
  `create_time` timestamp NOT NULL DEFAULT CURRENT_TIMESTAMP COMMENT '创建时间',
  `modified_time` timestamp NOT NULL DEFAULT CURRENT_TIMESTAMP ON UPDATE CURRENT_TIMESTAMP COMMENT '修改时间',
  `is_deleted` char(1) COLLATE utf8mb4_bin NOT NULL DEFAULT '0' COMMENT '0-正常，1-删除',
  `weixin_openid` varchar(32) COLLATE utf8mb4_bin NOT NULL COMMENT '微信openid',
  `qq_openid` varchar(32) COLLATE utf8mb4_bin NOT NULL COMMENT 'QQ openid',
  PRIMARY KEY (`id`)
) ENGINE=InnoDB AUTO_INCREMENT=3 DEFAULT CHARSET=utf8mb4 COLLATE=utf8mb4_bin ROW_FORMAT=DYNAMIC COMMENT='用户表';

-- ----------------------------
-- Records of gov_user
-- ----------------------------
INSERT INTO `gov_user` VALUES ('1', 'admin', '超级管理员', '$2a$10$2UGhOnDBAouO09rtateDOO.NYWfOlNc/iIn7nk9G6cQwOdH9uEH4.', '', '13750728507', '//dips-cloud-gov.oss-cn-hangzhou.aliyuncs.com/upload/images/201811/82732aca-9de1-4f68-87ac-4ac49b15159e.jpg', '1', '2018-11-16 14:55:51', '2018-11-21 09:30:27', '0', 'o_0FT0uyg_H1vVy2H0JpSwlVGhWQ', 'admin');
INSERT INTO `gov_user` VALUES ('2', 'test', '普通用户', '$2a$10$VhzOG7gA0FQyVTyir0PADOIDa7y9jgfeU6XXD5VjDWMpflZEiAia.', '', '13750728507', '//dips-cloud-gov.oss-cn-hangzhou.aliyuncs.com/upload/images/201811/ec35dc33-1248-4f5a-90e0-bd1bb346ce35.jpg', '1', '2018-11-21 09:23:59', '2018-11-21 09:38:19', '0', '', '');

-- ----------------------------
-- Table structure for `gov_user_role`
-- ----------------------------
DROP TABLE IF EXISTS `gov_user_role`;
CREATE TABLE `gov_user_role` (
  `user_id` bigint(20) NOT NULL COMMENT '用户ID',
  `role_id` bigint(20) NOT NULL COMMENT '角色ID',
  PRIMARY KEY (`user_id`,`role_id`)
) ENGINE=InnoDB DEFAULT CHARSET=utf8 ROW_FORMAT=DYNAMIC COMMENT='用户角色表';

-- ----------------------------
-- Records of gov_user_role
-- ----------------------------
INSERT INTO `gov_user_role` VALUES ('1', '1');
INSERT INTO `gov_user_role` VALUES ('2', '2');

-- ----------------------------
-- Table structure for `job_execution_log`
-- ----------------------------
DROP TABLE IF EXISTS `job_execution_log`;
CREATE TABLE `job_execution_log` (
  `id` varchar(40) NOT NULL,
  `job_name` varchar(100) NOT NULL,
  `task_id` varchar(255) NOT NULL,
  `hostname` varchar(255) NOT NULL,
  `ip` varchar(50) NOT NULL,
  `sharding_item` int(11) NOT NULL,
  `execution_source` varchar(20) NOT NULL,
  `failure_cause` varchar(4000) DEFAULT NULL,
  `is_success` int(11) NOT NULL,
  `start_time` timestamp NULL DEFAULT NULL,
  `complete_time` timestamp NULL DEFAULT NULL,
  PRIMARY KEY (`id`)
) ENGINE=InnoDB DEFAULT CHARSET=utf8mb4 COMMENT='执行工作日志';

-- ----------------------------
-- Records of job_execution_log
-- ----------------------------

-- ----------------------------
-- Table structure for `job_status_trace_log`
-- ----------------------------
DROP TABLE IF EXISTS `job_status_trace_log`;
CREATE TABLE `job_status_trace_log` (
  `id` varchar(40) NOT NULL,
  `job_name` varchar(100) NOT NULL,
  `original_task_id` varchar(255) NOT NULL,
  `task_id` varchar(255) NOT NULL,
  `slave_id` varchar(50) NOT NULL,
  `source` varchar(50) NOT NULL,
  `execution_type` varchar(20) NOT NULL,
  `sharding_item` varchar(100) NOT NULL,
  `state` varchar(20) NOT NULL,
  `message` varchar(4000) DEFAULT NULL,
  `creation_time` timestamp NULL DEFAULT NULL,
  PRIMARY KEY (`id`),
  KEY `TASK_ID_STATE_INDEX` (`task_id`,`state`)
) ENGINE=InnoDB DEFAULT CHARSET=utf8mb4 COMMENT='工作状态跟踪日志';

-- ----------------------------
-- Records of job_status_trace_log
-- ----------------------------
INSERT INTO `job_status_trace_log` VALUES ('15e99f6f-6e81-40c8-844f-1c1d1a920e8b', 'spring-dataflow-job', '', 'spring-dataflow-job@-@@-@READY@-@192.168.1.142@-@3560', '192.168.1.142', 'LITE_EXECUTOR', 'READY', '[]', 'TASK_STAGING', 'Job \'spring-dataflow-job\' execute begin.', '2018-09-04 20:07:36');
INSERT INTO `job_status_trace_log` VALUES ('788a8ef2-746b-4e8e-b792-5feb36c32d0c', 'spring-simple-job2', '', 'spring-simple-job2@-@@-@READY@-@192.168.1.142@-@3560', '192.168.1.142', 'LITE_EXECUTOR', 'READY', '[]', 'TASK_FINISHED', 'Sharding item for job \'spring-simple-job2\' is empty.', '2018-09-04 20:07:36');
INSERT INTO `job_status_trace_log` VALUES ('85e9ca50-6207-461c-a213-1108a63df515', 'spring-simple-job', '', 'spring-simple-job@-@@-@READY@-@192.168.1.142@-@3560', '192.168.1.142', 'LITE_EXECUTOR', 'READY', '[]', 'TASK_FINISHED', 'Sharding item for job \'spring-simple-job\' is empty.', '2018-09-04 20:07:36');
INSERT INTO `job_status_trace_log` VALUES ('9179f1be-2f53-4f5d-94cd-e3e0c8f711dc', 'spring-dataflow-job', '', 'spring-dataflow-job@-@@-@READY@-@192.168.1.142@-@3560', '192.168.1.142', 'LITE_EXECUTOR', 'READY', '[]', 'TASK_FINISHED', 'Sharding item for job \'spring-dataflow-job\' is empty.', '2018-09-04 20:07:44');
INSERT INTO `job_status_trace_log` VALUES ('9e4f0deb-c396-4fad-8225-a25dd873268d', 'spring-simple-job2', '', 'spring-simple-job2@-@@-@READY@-@192.168.1.142@-@3560', '192.168.1.142', 'LITE_EXECUTOR', 'READY', '[]', 'TASK_STAGING', 'Job \'spring-simple-job2\' execute begin.', '2018-09-04 20:07:36');
INSERT INTO `job_status_trace_log` VALUES ('a5b96922-810b-4886-9e5f-20ff808ec680', 'spring-simple-job', '', 'spring-simple-job@-@@-@READY@-@192.168.1.142@-@3560', '192.168.1.142', 'LITE_EXECUTOR', 'READY', '[]', 'TASK_STAGING', 'Job \'spring-simple-job\' execute begin.', '2018-09-04 20:07:36');
